timestep,reward,epsilon
3.000000000000000000e+01,3.000000000000000000e+01,9.971000000000003194e-01
5.000000000000000000e+01,2.000000000000000000e+01,9.950999999999998735e-01
7.000000000000000000e+01,2.000000000000000000e+01,9.931000000000000938e-01
9.200000000000000000e+01,2.200000000000000000e+01,9.908999999999996700e-01
1.180000000000000000e+02,2.600000000000000000e+01,9.882999999999999563e-01
1.520000000000000000e+02,3.400000000000000000e+01,9.849000000000003308e-01
1.860000000000000000e+02,3.400000000000000000e+01,9.815000000000000391e-01
1.990000000000000000e+02,1.300000000000000000e+01,9.802000000000001823e-01
2.480000000000000000e+02,4.900000000000000000e+01,9.753000000000000558e-01
2.640000000000000000e+02,1.600000000000000000e+01,9.737000000000002320e-01
2.860000000000000000e+02,2.200000000000000000e+01,9.714999999999998082e-01
3.210000000000000000e+02,3.500000000000000000e+01,9.680000000000001936e-01
3.540000000000000000e+02,3.300000000000000000e+01,9.646999999999998909e-01
3.710000000000000000e+02,1.700000000000000000e+01,9.630000000000000782e-01
4.040000000000000000e+02,3.300000000000000000e+01,9.596999999999997755e-01
4.160000000000000000e+02,1.200000000000000000e+01,9.584999999999999076e-01
4.330000000000000000e+02,1.700000000000000000e+01,9.568000000000000949e-01
4.490000000000000000e+02,1.600000000000000000e+01,9.552000000000002711e-01
4.710000000000000000e+02,2.200000000000000000e+01,9.529999999999998472e-01
5.010000000000000000e+02,3.000000000000000000e+01,9.500000000000001776e-01
5.210000000000000000e+02,2.000000000000000000e+01,9.479999999999997318e-01
5.370000000000000000e+02,1.600000000000000000e+01,9.463999999999999080e-01
5.990000000000000000e+02,6.200000000000000000e+01,9.401999999999999247e-01
6.090000000000000000e+02,1.000000000000000000e+01,9.392000000000000348e-01
6.350000000000000000e+02,2.600000000000000000e+01,9.366000000000003212e-01
6.510000000000000000e+02,1.600000000000000000e+01,9.349999999999998312e-01
6.650000000000000000e+02,1.400000000000000000e+01,9.335999999999999854e-01
6.750000000000000000e+02,1.000000000000000000e+01,9.326000000000000956e-01
6.860000000000000000e+02,1.100000000000000000e+01,9.315000000000002167e-01
7.040000000000000000e+02,1.800000000000000000e+01,9.296999999999997488e-01
7.220000000000000000e+02,1.800000000000000000e+01,9.278999999999999471e-01
7.420000000000000000e+02,2.000000000000000000e+01,9.259000000000001673e-01
7.820000000000000000e+02,4.000000000000000000e+01,9.218999999999999417e-01
7.970000000000000000e+02,1.500000000000000000e+01,9.204000000000001069e-01
8.100000000000000000e+02,1.300000000000000000e+01,9.191000000000002501e-01
8.410000000000000000e+02,3.100000000000000000e+01,9.159999999999999254e-01
8.680000000000000000e+02,2.700000000000000000e+01,9.133000000000002228e-01
8.770000000000000000e+02,9.000000000000000000e+00,9.124000000000003219e-01
8.940000000000000000e+02,1.700000000000000000e+01,9.106999999999998430e-01
9.200000000000000000e+02,2.600000000000000000e+01,9.081000000000001293e-01
9.420000000000000000e+02,2.200000000000000000e+01,9.058999999999997055e-01
9.560000000000000000e+02,1.400000000000000000e+01,9.044999999999998597e-01
9.800000000000000000e+02,2.400000000000000000e+01,9.021000000000001240e-01
9.880000000000000000e+02,8.000000000000000000e+00,9.013000000000002121e-01
1.014000000000000000e+03,2.600000000000000000e+01,8.986999999999998323e-01
1.028000000000000000e+03,1.400000000000000000e+01,8.972999999999999865e-01
1.039000000000000000e+03,1.100000000000000000e+01,8.962000000000001076e-01
1.061000000000000000e+03,2.200000000000000000e+01,8.939999999999996838e-01
1.097000000000000000e+03,3.600000000000000000e+01,8.904000000000000803e-01
1.115000000000000000e+03,1.800000000000000000e+01,8.886000000000002785e-01
1.134000000000000000e+03,1.900000000000000000e+01,8.866999999999998217e-01
1.143000000000000000e+03,9.000000000000000000e+00,8.857999999999999208e-01
1.156000000000000000e+03,1.300000000000000000e+01,8.845000000000000639e-01
1.174000000000000000e+03,1.800000000000000000e+01,8.827000000000002622e-01
1.195000000000000000e+03,2.100000000000000000e+01,8.805999999999998273e-01
1.222000000000000000e+03,2.700000000000000000e+01,8.779000000000001247e-01
1.230000000000000000e+03,8.000000000000000000e+00,8.771000000000002128e-01
1.250000000000000000e+03,2.000000000000000000e+01,8.750999999999997669e-01
1.305000000000000000e+03,5.500000000000000000e+01,8.695999999999997065e-01
1.315000000000000000e+03,1.000000000000000000e+01,8.685999999999998167e-01
1.329000000000000000e+03,1.400000000000000000e+01,8.671999999999999709e-01
1.344000000000000000e+03,1.500000000000000000e+01,8.657000000000001361e-01
1.358000000000000000e+03,1.400000000000000000e+01,8.643000000000002903e-01
1.376000000000000000e+03,1.800000000000000000e+01,8.624999999999998224e-01
1.387000000000000000e+03,1.100000000000000000e+01,8.613999999999999435e-01
1.416000000000000000e+03,2.900000000000000000e+01,8.585000000000002629e-01
1.433000000000000000e+03,1.700000000000000000e+01,8.567999999999997840e-01
1.450000000000000000e+03,1.700000000000000000e+01,8.550999999999999712e-01
1.476000000000000000e+03,2.600000000000000000e+01,8.525000000000002576e-01
1.490000000000000000e+03,1.400000000000000000e+01,8.510999999999997456e-01
1.512000000000000000e+03,2.200000000000000000e+01,8.488999999999999879e-01
1.531000000000000000e+03,1.900000000000000000e+01,8.470000000000001972e-01
1.561000000000000000e+03,3.000000000000000000e+01,8.439999999999998614e-01
1.571000000000000000e+03,1.000000000000000000e+01,8.429999999999999716e-01
1.590000000000000000e+03,1.900000000000000000e+01,8.411000000000001808e-01
1.607000000000000000e+03,1.700000000000000000e+01,8.393999999999997019e-01
1.629000000000000000e+03,2.200000000000000000e+01,8.371999999999999442e-01
1.644000000000000000e+03,1.500000000000000000e+01,8.357000000000001094e-01
1.658000000000000000e+03,1.400000000000000000e+01,8.343000000000002636e-01
1.671000000000000000e+03,1.300000000000000000e+01,8.329999999999997407e-01
1.691000000000000000e+03,2.000000000000000000e+01,8.309999999999999609e-01
1.703000000000000000e+03,1.200000000000000000e+01,8.298000000000000931e-01
1.741000000000000000e+03,3.800000000000000000e+01,8.259999999999998455e-01
1.771000000000000000e+03,3.000000000000000000e+01,8.230000000000001759e-01
1.782000000000000000e+03,1.100000000000000000e+01,8.219000000000002970e-01
1.796000000000000000e+03,1.400000000000000000e+01,8.204999999999997851e-01
1.806000000000000000e+03,1.000000000000000000e+01,8.194999999999998952e-01
1.823000000000000000e+03,1.700000000000000000e+01,8.178000000000000824e-01
1.849000000000000000e+03,2.600000000000000000e+01,8.151999999999997026e-01
1.862000000000000000e+03,1.300000000000000000e+01,8.138999999999998458e-01
1.913000000000000000e+03,5.100000000000000000e+01,8.087999999999997414e-01
1.923000000000000000e+03,1.000000000000000000e+01,8.077999999999998515e-01
1.933000000000000000e+03,1.000000000000000000e+01,8.067999999999999616e-01
1.950000000000000000e+03,1.700000000000000000e+01,8.051000000000001489e-01
1.960000000000000000e+03,1.000000000000000000e+01,8.041000000000002590e-01
1.977000000000000000e+03,1.700000000000000000e+01,8.023999999999997801e-01
2.004000000000000000e+03,2.700000000000000000e+01,7.997000000000000774e-01
2.016000000000000000e+03,1.200000000000000000e+01,7.985000000000002096e-01
2.050000000000000000e+03,3.400000000000000000e+01,7.950999999999999179e-01
2.091000000000000000e+03,4.100000000000000000e+01,7.909999999999997033e-01
2.137000000000000000e+03,4.600000000000000000e+01,7.864000000000002100e-01
2.149000000000000000e+03,1.200000000000000000e+01,7.851999999999996760e-01
2.165000000000000000e+03,1.600000000000000000e+01,7.835999999999998522e-01
2.174000000000000000e+03,9.000000000000000000e+00,7.826999999999999513e-01
2.193000000000000000e+03,1.900000000000000000e+01,7.808000000000001606e-01
2.212000000000000000e+03,1.900000000000000000e+01,7.788999999999997037e-01
2.234000000000000000e+03,2.200000000000000000e+01,7.766999999999999460e-01
2.257000000000000000e+03,2.300000000000000000e+01,7.744000000000001993e-01
2.270000000000000000e+03,1.300000000000000000e+01,7.731000000000003425e-01
2.284000000000000000e+03,1.400000000000000000e+01,7.716999999999998305e-01
2.304000000000000000e+03,2.000000000000000000e+01,7.697000000000000508e-01
2.334000000000000000e+03,3.000000000000000000e+01,7.666999999999997151e-01
2.343000000000000000e+03,9.000000000000000000e+00,7.657999999999998142e-01
2.385000000000000000e+03,4.200000000000000000e+01,7.616000000000002768e-01
2.417000000000000000e+03,3.200000000000000000e+01,7.583999999999999631e-01
2.450000000000000000e+03,3.300000000000000000e+01,7.550999999999996604e-01
2.505000000000000000e+03,5.500000000000000000e+01,7.496000000000002661e-01
2.527000000000000000e+03,2.200000000000000000e+01,7.473999999999998423e-01
2.553000000000000000e+03,2.600000000000000000e+01,7.448000000000001286e-01
2.580000000000000000e+03,2.700000000000000000e+01,7.420999999999997598e-01
2.594000000000000000e+03,1.400000000000000000e+01,7.406999999999999140e-01
2.626000000000000000e+03,3.200000000000000000e+01,7.375000000000002665e-01
2.695000000000000000e+03,6.900000000000000000e+01,7.305999999999996941e-01
2.724000000000000000e+03,2.900000000000000000e+01,7.277000000000000135e-01
2.746000000000000000e+03,2.200000000000000000e+01,7.255000000000002558e-01
2.764000000000000000e+03,1.800000000000000000e+01,7.236999999999997879e-01
2.784000000000000000e+03,2.000000000000000000e+01,7.217000000000000082e-01
2.826000000000000000e+03,4.200000000000000000e+01,7.174999999999998046e-01
2.853000000000000000e+03,2.700000000000000000e+01,7.148000000000001020e-01
2.916000000000000000e+03,6.300000000000000000e+01,7.085000000000001297e-01
2.988000000000000000e+03,7.200000000000000000e+01,7.013000000000002565e-01
3.004000000000000000e+03,1.600000000000000000e+01,6.996999999999997666e-01
3.019000000000000000e+03,1.500000000000000000e+01,6.981999999999999318e-01
3.032000000000000000e+03,1.300000000000000000e+01,6.969000000000000750e-01
3.063000000000000000e+03,3.100000000000000000e+01,6.937999999999997502e-01
3.126000000000000000e+03,6.300000000000000000e+01,6.874999999999997780e-01
3.155000000000000000e+03,2.900000000000000000e+01,6.846000000000000973e-01
3.208000000000000000e+03,5.300000000000000000e+01,6.793000000000000149e-01
3.237000000000000000e+03,2.900000000000000000e+01,6.763999999999996682e-01
3.297000000000000000e+03,6.000000000000000000e+01,6.704000000000003290e-01
3.342000000000000000e+03,4.500000000000000000e+01,6.659000000000001585e-01
3.363000000000000000e+03,2.100000000000000000e+01,6.637999999999997236e-01
3.434000000000000000e+03,7.100000000000000000e+01,6.566999999999998394e-01
3.449000000000000000e+03,1.500000000000000000e+01,6.552000000000000046e-01
3.474000000000000000e+03,2.500000000000000000e+01,6.527000000000002800e-01
3.506000000000000000e+03,3.200000000000000000e+01,6.494999999999999662e-01
3.565000000000000000e+03,5.900000000000000000e+01,6.435999999999999499e-01
3.596000000000000000e+03,3.100000000000000000e+01,6.405000000000002913e-01
3.615000000000000000e+03,1.900000000000000000e+01,6.385999999999998344e-01
3.633000000000000000e+03,1.800000000000000000e+01,6.368000000000000327e-01
3.683000000000000000e+03,5.000000000000000000e+01,6.317999999999999172e-01
3.712000000000000000e+03,2.900000000000000000e+01,6.289000000000002366e-01
3.743000000000000000e+03,3.100000000000000000e+01,6.257999999999999119e-01
3.812000000000000000e+03,6.900000000000000000e+01,6.189000000000000057e-01
3.904000000000000000e+03,9.200000000000000000e+01,6.096999999999996867e-01
3.918000000000000000e+03,1.400000000000000000e+01,6.082999999999998408e-01
3.946000000000000000e+03,2.800000000000000000e+01,6.055000000000001492e-01
3.997000000000000000e+03,5.100000000000000000e+01,6.004000000000000448e-01
4.020000000000000000e+03,2.300000000000000000e+01,5.980999999999996319e-01
4.039000000000000000e+03,1.900000000000000000e+01,5.961999999999998412e-01
4.058000000000000000e+03,1.900000000000000000e+01,5.943000000000000504e-01
4.108000000000000000e+03,5.000000000000000000e+01,5.892999999999999350e-01
4.119000000000000000e+03,1.100000000000000000e+01,5.882000000000000561e-01
4.153000000000000000e+03,3.400000000000000000e+01,5.847999999999997645e-01
4.168000000000000000e+03,1.500000000000000000e+01,5.832999999999999297e-01
4.264000000000000000e+03,9.600000000000000000e+01,5.736999999999996547e-01
4.300000000000000000e+03,3.600000000000000000e+01,5.701000000000000512e-01
4.433000000000000000e+03,1.330000000000000000e+02,5.568000000000001837e-01
4.460000000000000000e+03,2.700000000000000000e+01,5.540999999999998149e-01
4.500000000000000000e+03,4.000000000000000000e+01,5.501000000000002554e-01
4.547000000000000000e+03,4.700000000000000000e+01,5.454000000000001069e-01
4.610000000000000000e+03,6.300000000000000000e+01,5.391000000000001346e-01
4.664000000000000000e+03,5.400000000000000000e+01,5.337000000000000632e-01
4.709000000000000000e+03,4.500000000000000000e+01,5.291999999999998927e-01
4.783000000000000000e+03,7.400000000000000000e+01,5.218000000000000416e-01
4.821000000000000000e+03,3.800000000000000000e+01,5.179999999999997939e-01
4.846000000000000000e+03,2.500000000000000000e+01,5.155000000000000693e-01
4.872000000000000000e+03,2.600000000000000000e+01,5.128999999999996895e-01
4.904000000000000000e+03,3.200000000000000000e+01,5.097000000000000419e-01
4.923000000000000000e+03,1.900000000000000000e+01,5.078000000000002512e-01
4.943000000000000000e+03,2.000000000000000000e+01,5.057999999999998053e-01
4.963000000000000000e+03,2.000000000000000000e+01,5.038000000000000256e-01
5.007000000000000000e+03,4.400000000000000000e+01,4.993999999999998440e-01
5.023000000000000000e+03,1.600000000000000000e+01,4.978000000000000203e-01
5.043000000000000000e+03,2.000000000000000000e+01,4.958000000000003515e-01
5.059000000000000000e+03,1.600000000000000000e+01,4.941999999999997506e-01
5.074000000000000000e+03,1.500000000000000000e+01,4.927000000000000268e-01
5.089000000000000000e+03,1.500000000000000000e+01,4.912000000000000810e-01
5.104000000000000000e+03,1.500000000000000000e+01,4.897000000000002462e-01
5.198000000000000000e+03,9.400000000000000000e+01,4.802999999999999492e-01
5.208000000000000000e+03,1.000000000000000000e+01,4.793000000000001704e-01
5.271000000000000000e+03,6.300000000000000000e+01,4.730000000000001981e-01
5.287000000000000000e+03,1.600000000000000000e+01,4.714000000000002633e-01
5.303000000000000000e+03,1.600000000000000000e+01,4.697999999999997733e-01
5.319000000000000000e+03,1.600000000000000000e+01,4.681999999999999496e-01
5.353000000000000000e+03,3.400000000000000000e+01,4.648000000000003240e-01
5.382000000000000000e+03,2.900000000000000000e+01,4.618999999999999773e-01
5.394000000000000000e+03,1.200000000000000000e+01,4.607000000000001094e-01
5.415000000000000000e+03,2.100000000000000000e+01,4.585999999999996746e-01
5.434000000000000000e+03,1.900000000000000000e+01,4.566999999999998838e-01
5.550000000000000000e+03,1.160000000000000000e+02,4.450999999999998291e-01
5.567000000000000000e+03,1.700000000000000000e+01,4.434000000000000163e-01
5.579000000000000000e+03,1.200000000000000000e+01,4.422000000000002595e-01
5.663000000000000000e+03,8.400000000000000000e+01,4.337999999999998524e-01
5.678000000000000000e+03,1.500000000000000000e+01,4.322999999999999066e-01
5.695000000000000000e+03,1.700000000000000000e+01,4.306000000000002048e-01
5.773000000000000000e+03,7.800000000000000000e+01,4.228000000000002867e-01
5.785000000000000000e+03,1.200000000000000000e+01,4.215999999999997527e-01
5.804000000000000000e+03,1.900000000000000000e+01,4.196999999999999620e-01
5.829000000000000000e+03,2.500000000000000000e+01,4.172000000000002373e-01
5.926000000000000000e+03,9.700000000000000000e+01,4.075000000000000844e-01
5.940000000000000000e+03,1.400000000000000000e+01,4.061000000000002386e-01
5.956000000000000000e+03,1.600000000000000000e+01,4.044999999999996376e-01
5.988000000000000000e+03,3.200000000000000000e+01,4.012999999999999901e-01
6.104000000000000000e+03,1.160000000000000000e+02,3.896999999999999353e-01
6.122000000000000000e+03,1.800000000000000000e+01,3.879000000000001336e-01
6.132000000000000000e+03,1.000000000000000000e+01,3.869000000000002437e-01
6.189000000000000000e+03,5.700000000000000000e+01,3.812000000000003164e-01
6.236000000000000000e+03,4.700000000000000000e+01,3.765000000000000568e-01
6.247000000000000000e+03,1.100000000000000000e+01,3.754000000000001780e-01
6.298000000000000000e+03,5.100000000000000000e+01,3.703000000000001846e-01
6.320000000000000000e+03,2.200000000000000000e+01,3.680999999999996497e-01
6.334000000000000000e+03,1.400000000000000000e+01,3.666999999999998039e-01
6.362000000000000000e+03,2.800000000000000000e+01,3.639000000000001123e-01
6.379000000000000000e+03,1.700000000000000000e+01,3.621999999999996334e-01
6.623000000000000000e+03,2.440000000000000000e+02,3.377999999999997671e-01
6.634000000000000000e+03,1.100000000000000000e+01,3.366999999999998883e-01
6.712000000000000000e+03,7.800000000000000000e+01,3.288999999999999702e-01
6.722000000000000000e+03,1.000000000000000000e+01,3.279000000000001913e-01
6.736000000000000000e+03,1.400000000000000000e+01,3.265000000000003455e-01
6.750000000000000000e+03,1.400000000000000000e+01,3.250999999999997225e-01
6.777000000000000000e+03,2.700000000000000000e+01,3.224000000000000199e-01
6.798000000000000000e+03,2.100000000000000000e+01,3.203000000000002512e-01
6.810000000000000000e+03,1.200000000000000000e+01,3.190999999999997172e-01
6.839000000000000000e+03,2.900000000000000000e+01,3.162000000000000366e-01
6.856000000000000000e+03,1.700000000000000000e+01,3.145000000000002238e-01
6.867000000000000000e+03,1.100000000000000000e+01,3.133999999999996788e-01
6.946000000000000000e+03,7.900000000000000000e+01,3.054999999999999938e-01
6.956000000000000000e+03,1.000000000000000000e+01,3.044999999999999929e-01
6.989000000000000000e+03,3.300000000000000000e+01,3.011999999999996902e-01
7.006000000000000000e+03,1.700000000000000000e+01,2.994999999999999885e-01
7.024000000000000000e+03,1.800000000000000000e+01,2.977000000000000757e-01
7.043000000000000000e+03,1.900000000000000000e+01,2.958000000000002849e-01
7.056000000000000000e+03,1.300000000000000000e+01,2.944999999999997620e-01
7.071000000000000000e+03,1.500000000000000000e+01,2.929999999999999272e-01
7.082000000000000000e+03,1.100000000000000000e+01,2.919000000000000483e-01
7.098000000000000000e+03,1.600000000000000000e+01,2.903000000000002245e-01
7.135000000000000000e+03,3.700000000000000000e+01,2.866000000000000769e-01
7.148000000000000000e+03,1.300000000000000000e+01,2.853000000000001091e-01
7.164000000000000000e+03,1.600000000000000000e+01,2.837000000000003963e-01
7.248000000000000000e+03,8.400000000000000000e+01,2.752999999999998781e-01
7.328000000000000000e+03,8.000000000000000000e+01,2.673000000000002041e-01
7.423000000000000000e+03,9.500000000000000000e+01,2.577999999999999181e-01
7.439000000000000000e+03,1.600000000000000000e+01,2.561999999999999833e-01
7.457000000000000000e+03,1.800000000000000000e+01,2.544000000000001815e-01
7.492000000000000000e+03,3.500000000000000000e+01,2.508999999999999009e-01
7.515000000000000000e+03,2.300000000000000000e+01,2.486000000000001542e-01
7.554000000000000000e+03,3.900000000000000000e+01,2.446999999999999176e-01
7.573000000000000000e+03,1.900000000000000000e+01,2.428000000000001268e-01
7.611000000000000000e+03,3.800000000000000000e+01,2.389999999999998792e-01
7.644000000000000000e+03,3.300000000000000000e+01,2.357000000000003537e-01
7.662000000000000000e+03,1.800000000000000000e+01,2.338999999999997748e-01
7.765000000000000000e+03,1.030000000000000000e+02,2.236000000000002430e-01
7.781000000000000000e+03,1.600000000000000000e+01,2.219999999999997531e-01
7.883000000000000000e+03,1.020000000000000000e+02,2.118000000000002103e-01
7.990000000000000000e+03,1.070000000000000000e+02,2.011000000000000565e-01
8.091000000000000000e+03,1.010000000000000000e+02,1.909999999999998366e-01
8.135000000000000000e+03,4.400000000000000000e+01,1.866000000000003212e-01
8.246000000000000000e+03,1.110000000000000000e+02,1.755000000000003224e-01
8.290000000000000000e+03,4.400000000000000000e+01,1.711000000000000298e-01
8.397000000000000000e+03,1.070000000000000000e+02,1.603999999999999870e-01
8.419000000000000000e+03,2.200000000000000000e+01,1.582000000000002293e-01
8.438000000000000000e+03,1.900000000000000000e+01,1.563000000000003276e-01
8.547000000000000000e+03,1.090000000000000000e+02,1.454000000000001958e-01
8.653000000000000000e+03,1.060000000000000000e+02,1.348000000000000309e-01
8.765000000000000000e+03,1.120000000000000000e+02,1.235999999999999321e-01
8.877000000000000000e+03,1.120000000000000000e+02,1.123999999999998334e-01
8.909000000000000000e+03,3.200000000000000000e+01,1.092000000000002968e-01
9.027000000000000000e+03,1.180000000000000000e+02,9.740000000000026414e-02
9.165000000000000000e+03,1.380000000000000000e+02,8.359999999999967457e-02
9.178000000000000000e+03,1.300000000000000000e+01,8.229999999999992877e-02
9.263000000000000000e+03,8.500000000000000000e+01,7.380000000000008775e-02
9.342000000000000000e+03,7.900000000000000000e+01,6.589999999999962554e-02
9.415000000000000000e+03,7.300000000000000000e+01,5.859999999999976339e-02
9.426000000000000000e+03,1.100000000000000000e+01,5.749999999999988454e-02
9.438000000000000000e+03,1.200000000000000000e+01,5.630000000000012772e-02
9.449000000000000000e+03,1.100000000000000000e+01,5.520000000000024887e-02
9.463000000000000000e+03,1.400000000000000000e+01,5.380000000000040306e-02
9.484000000000000000e+03,2.100000000000000000e+01,5.169999999999985718e-02
9.617000000000000000e+03,1.330000000000000000e+02,4.000000000000000083e-02
9.778000000000000000e+03,1.610000000000000000e+02,4.000000000000000083e-02
9.948000000000000000e+03,1.700000000000000000e+02,4.000000000000000083e-02
9.961000000000000000e+03,1.300000000000000000e+01,4.000000000000000083e-02
1.012000000000000000e+04,1.590000000000000000e+02,4.000000000000000083e-02
1.028800000000000000e+04,1.680000000000000000e+02,4.000000000000000083e-02
1.073000000000000000e+04,4.420000000000000000e+02,4.000000000000000083e-02
1.083600000000000000e+04,1.060000000000000000e+02,4.000000000000000083e-02
1.094500000000000000e+04,1.090000000000000000e+02,4.000000000000000083e-02
1.106100000000000000e+04,1.160000000000000000e+02,4.000000000000000083e-02
1.115700000000000000e+04,9.600000000000000000e+01,4.000000000000000083e-02
1.124900000000000000e+04,9.200000000000000000e+01,4.000000000000000083e-02
1.136600000000000000e+04,1.170000000000000000e+02,4.000000000000000083e-02
1.148900000000000000e+04,1.230000000000000000e+02,4.000000000000000083e-02
1.165300000000000000e+04,1.640000000000000000e+02,4.000000000000000083e-02
1.182200000000000000e+04,1.690000000000000000e+02,4.000000000000000083e-02
1.192300000000000000e+04,1.010000000000000000e+02,4.000000000000000083e-02
1.197800000000000000e+04,5.500000000000000000e+01,4.000000000000000083e-02
1.209100000000000000e+04,1.130000000000000000e+02,4.000000000000000083e-02
1.220500000000000000e+04,1.140000000000000000e+02,4.000000000000000083e-02
1.231600000000000000e+04,1.110000000000000000e+02,4.000000000000000083e-02
1.244000000000000000e+04,1.240000000000000000e+02,4.000000000000000083e-02
1.249500000000000000e+04,5.500000000000000000e+01,4.000000000000000083e-02
1.260900000000000000e+04,1.140000000000000000e+02,4.000000000000000083e-02
1.271100000000000000e+04,1.020000000000000000e+02,4.000000000000000083e-02
1.281200000000000000e+04,1.010000000000000000e+02,4.000000000000000083e-02
1.292400000000000000e+04,1.120000000000000000e+02,4.000000000000000083e-02
1.304000000000000000e+04,1.160000000000000000e+02,4.000000000000000083e-02
1.309500000000000000e+04,5.500000000000000000e+01,4.000000000000000083e-02
1.311000000000000000e+04,1.500000000000000000e+01,4.000000000000000083e-02
1.320100000000000000e+04,9.100000000000000000e+01,4.000000000000000083e-02
1.329300000000000000e+04,9.200000000000000000e+01,4.000000000000000083e-02
1.338300000000000000e+04,9.000000000000000000e+01,4.000000000000000083e-02
1.340700000000000000e+04,2.400000000000000000e+01,4.000000000000000083e-02
1.345300000000000000e+04,4.600000000000000000e+01,4.000000000000000083e-02
1.346500000000000000e+04,1.200000000000000000e+01,4.000000000000000083e-02
1.351400000000000000e+04,4.900000000000000000e+01,4.000000000000000083e-02
1.360000000000000000e+04,8.600000000000000000e+01,4.000000000000000083e-02
1.369900000000000000e+04,9.900000000000000000e+01,4.000000000000000083e-02
1.380800000000000000e+04,1.090000000000000000e+02,4.000000000000000083e-02
1.397500000000000000e+04,1.670000000000000000e+02,4.000000000000000083e-02
1.418900000000000000e+04,2.140000000000000000e+02,4.000000000000000083e-02
1.432500000000000000e+04,1.360000000000000000e+02,4.000000000000000083e-02
1.443400000000000000e+04,1.090000000000000000e+02,4.000000000000000083e-02
1.456200000000000000e+04,1.280000000000000000e+02,4.000000000000000083e-02
1.463000000000000000e+04,6.800000000000000000e+01,4.000000000000000083e-02
1.465700000000000000e+04,2.700000000000000000e+01,4.000000000000000083e-02
1.468000000000000000e+04,2.300000000000000000e+01,4.000000000000000083e-02
1.470500000000000000e+04,2.500000000000000000e+01,4.000000000000000083e-02
1.473500000000000000e+04,3.000000000000000000e+01,4.000000000000000083e-02
1.476100000000000000e+04,2.600000000000000000e+01,4.000000000000000083e-02
1.478600000000000000e+04,2.500000000000000000e+01,4.000000000000000083e-02
1.480700000000000000e+04,2.100000000000000000e+01,4.000000000000000083e-02
1.483500000000000000e+04,2.800000000000000000e+01,4.000000000000000083e-02
1.490400000000000000e+04,6.900000000000000000e+01,4.000000000000000083e-02
1.497800000000000000e+04,7.400000000000000000e+01,4.000000000000000083e-02
1.505000000000000000e+04,7.200000000000000000e+01,4.000000000000000083e-02
1.514500000000000000e+04,9.500000000000000000e+01,4.000000000000000083e-02
1.519600000000000000e+04,5.100000000000000000e+01,4.000000000000000083e-02
1.528800000000000000e+04,9.200000000000000000e+01,4.000000000000000083e-02
1.537900000000000000e+04,9.100000000000000000e+01,4.000000000000000083e-02
1.548600000000000000e+04,1.070000000000000000e+02,4.000000000000000083e-02
1.559600000000000000e+04,1.100000000000000000e+02,4.000000000000000083e-02
1.569600000000000000e+04,1.000000000000000000e+02,4.000000000000000083e-02
1.579100000000000000e+04,9.500000000000000000e+01,4.000000000000000083e-02
1.589000000000000000e+04,9.900000000000000000e+01,4.000000000000000083e-02
1.598800000000000000e+04,9.800000000000000000e+01,4.000000000000000083e-02
1.608500000000000000e+04,9.700000000000000000e+01,4.000000000000000083e-02
1.619100000000000000e+04,1.060000000000000000e+02,4.000000000000000083e-02
1.628800000000000000e+04,9.700000000000000000e+01,4.000000000000000083e-02
1.631300000000000000e+04,2.500000000000000000e+01,4.000000000000000083e-02
1.641600000000000000e+04,1.030000000000000000e+02,4.000000000000000083e-02
1.650500000000000000e+04,8.900000000000000000e+01,4.000000000000000083e-02
1.659500000000000000e+04,9.000000000000000000e+01,4.000000000000000083e-02
1.668800000000000000e+04,9.300000000000000000e+01,4.000000000000000083e-02
1.670900000000000000e+04,2.100000000000000000e+01,4.000000000000000083e-02
1.673600000000000000e+04,2.700000000000000000e+01,4.000000000000000083e-02
1.678000000000000000e+04,4.400000000000000000e+01,4.000000000000000083e-02
1.682800000000000000e+04,4.800000000000000000e+01,4.000000000000000083e-02
1.685200000000000000e+04,2.400000000000000000e+01,4.000000000000000083e-02
1.688500000000000000e+04,3.300000000000000000e+01,4.000000000000000083e-02
1.698300000000000000e+04,9.800000000000000000e+01,4.000000000000000083e-02
1.708200000000000000e+04,9.900000000000000000e+01,4.000000000000000083e-02
1.719900000000000000e+04,1.170000000000000000e+02,4.000000000000000083e-02
1.721700000000000000e+04,1.800000000000000000e+01,4.000000000000000083e-02
1.731800000000000000e+04,1.010000000000000000e+02,4.000000000000000083e-02
1.734500000000000000e+04,2.700000000000000000e+01,4.000000000000000083e-02
1.744300000000000000e+04,9.800000000000000000e+01,4.000000000000000083e-02
1.761400000000000000e+04,1.710000000000000000e+02,4.000000000000000083e-02
1.773900000000000000e+04,1.250000000000000000e+02,4.000000000000000083e-02
1.783800000000000000e+04,9.900000000000000000e+01,4.000000000000000083e-02
1.786400000000000000e+04,2.600000000000000000e+01,4.000000000000000083e-02
1.796200000000000000e+04,9.800000000000000000e+01,4.000000000000000083e-02
1.809100000000000000e+04,1.290000000000000000e+02,4.000000000000000083e-02
1.812800000000000000e+04,3.700000000000000000e+01,4.000000000000000083e-02
1.816100000000000000e+04,3.300000000000000000e+01,4.000000000000000083e-02
1.828800000000000000e+04,1.270000000000000000e+02,4.000000000000000083e-02
1.853100000000000000e+04,2.430000000000000000e+02,4.000000000000000083e-02
1.858000000000000000e+04,4.900000000000000000e+01,4.000000000000000083e-02
1.866900000000000000e+04,8.900000000000000000e+01,4.000000000000000083e-02
1.879400000000000000e+04,1.250000000000000000e+02,4.000000000000000083e-02
1.892800000000000000e+04,1.340000000000000000e+02,4.000000000000000083e-02
1.919100000000000000e+04,2.630000000000000000e+02,4.000000000000000083e-02
1.928400000000000000e+04,9.300000000000000000e+01,4.000000000000000083e-02
1.933000000000000000e+04,4.600000000000000000e+01,4.000000000000000083e-02
1.936800000000000000e+04,3.800000000000000000e+01,4.000000000000000083e-02
1.945800000000000000e+04,9.000000000000000000e+01,4.000000000000000083e-02
1.954800000000000000e+04,9.000000000000000000e+01,4.000000000000000083e-02
1.962000000000000000e+04,7.200000000000000000e+01,4.000000000000000083e-02
1.967100000000000000e+04,5.100000000000000000e+01,4.000000000000000083e-02
1.976300000000000000e+04,9.200000000000000000e+01,4.000000000000000083e-02
1.986200000000000000e+04,9.900000000000000000e+01,4.000000000000000083e-02
1.995400000000000000e+04,9.200000000000000000e+01,4.000000000000000083e-02
2.004700000000000000e+04,9.300000000000000000e+01,4.000000000000000083e-02
2.013800000000000000e+04,9.100000000000000000e+01,4.000000000000000083e-02
2.018900000000000000e+04,5.100000000000000000e+01,4.000000000000000083e-02
2.029700000000000000e+04,1.080000000000000000e+02,4.000000000000000083e-02
2.044800000000000000e+04,1.510000000000000000e+02,4.000000000000000083e-02
2.073100000000000000e+04,2.830000000000000000e+02,4.000000000000000083e-02
2.075900000000000000e+04,2.800000000000000000e+01,4.000000000000000083e-02
2.085000000000000000e+04,9.100000000000000000e+01,4.000000000000000083e-02
2.094000000000000000e+04,9.000000000000000000e+01,4.000000000000000083e-02
2.096600000000000000e+04,2.600000000000000000e+01,4.000000000000000083e-02
2.098800000000000000e+04,2.200000000000000000e+01,4.000000000000000083e-02
2.104100000000000000e+04,5.300000000000000000e+01,4.000000000000000083e-02
2.106700000000000000e+04,2.600000000000000000e+01,4.000000000000000083e-02
2.108800000000000000e+04,2.100000000000000000e+01,4.000000000000000083e-02
2.110200000000000000e+04,1.400000000000000000e+01,4.000000000000000083e-02
2.111700000000000000e+04,1.500000000000000000e+01,4.000000000000000083e-02
2.117800000000000000e+04,6.100000000000000000e+01,4.000000000000000083e-02
2.122000000000000000e+04,4.200000000000000000e+01,4.000000000000000083e-02
2.133700000000000000e+04,1.170000000000000000e+02,4.000000000000000083e-02
2.142800000000000000e+04,9.100000000000000000e+01,4.000000000000000083e-02
2.151500000000000000e+04,8.700000000000000000e+01,4.000000000000000083e-02
2.156300000000000000e+04,4.800000000000000000e+01,4.000000000000000083e-02
2.161700000000000000e+04,5.400000000000000000e+01,4.000000000000000083e-02
2.167300000000000000e+04,5.600000000000000000e+01,4.000000000000000083e-02
2.170700000000000000e+04,3.400000000000000000e+01,4.000000000000000083e-02
2.175000000000000000e+04,4.300000000000000000e+01,4.000000000000000083e-02
2.184000000000000000e+04,9.000000000000000000e+01,4.000000000000000083e-02
2.193200000000000000e+04,9.200000000000000000e+01,4.000000000000000083e-02
2.202300000000000000e+04,9.100000000000000000e+01,4.000000000000000083e-02
2.211600000000000000e+04,9.300000000000000000e+01,4.000000000000000083e-02
2.221200000000000000e+04,9.600000000000000000e+01,4.000000000000000083e-02
2.231000000000000000e+04,9.800000000000000000e+01,4.000000000000000083e-02
2.240700000000000000e+04,9.700000000000000000e+01,4.000000000000000083e-02
2.246900000000000000e+04,6.200000000000000000e+01,4.000000000000000083e-02
2.253500000000000000e+04,6.600000000000000000e+01,4.000000000000000083e-02
2.259500000000000000e+04,6.000000000000000000e+01,4.000000000000000083e-02
2.265700000000000000e+04,6.200000000000000000e+01,4.000000000000000083e-02
2.272300000000000000e+04,6.600000000000000000e+01,4.000000000000000083e-02
2.277500000000000000e+04,5.200000000000000000e+01,4.000000000000000083e-02
2.280200000000000000e+04,2.700000000000000000e+01,4.000000000000000083e-02
2.282300000000000000e+04,2.100000000000000000e+01,4.000000000000000083e-02
2.284400000000000000e+04,2.100000000000000000e+01,4.000000000000000083e-02
2.286300000000000000e+04,1.900000000000000000e+01,4.000000000000000083e-02
2.288400000000000000e+04,2.100000000000000000e+01,4.000000000000000083e-02
2.290700000000000000e+04,2.300000000000000000e+01,4.000000000000000083e-02
2.292500000000000000e+04,1.800000000000000000e+01,4.000000000000000083e-02
2.294700000000000000e+04,2.200000000000000000e+01,4.000000000000000083e-02
2.296300000000000000e+04,1.600000000000000000e+01,4.000000000000000083e-02
2.298300000000000000e+04,2.000000000000000000e+01,4.000000000000000083e-02
2.300100000000000000e+04,1.800000000000000000e+01,4.000000000000000083e-02
2.301600000000000000e+04,1.500000000000000000e+01,4.000000000000000083e-02
2.304100000000000000e+04,2.500000000000000000e+01,4.000000000000000083e-02
2.310700000000000000e+04,6.600000000000000000e+01,4.000000000000000083e-02
2.317300000000000000e+04,6.600000000000000000e+01,4.000000000000000083e-02
2.323500000000000000e+04,6.200000000000000000e+01,4.000000000000000083e-02
2.329600000000000000e+04,6.100000000000000000e+01,4.000000000000000083e-02
2.353800000000000000e+04,2.420000000000000000e+02,4.000000000000000083e-02
2.362500000000000000e+04,8.700000000000000000e+01,4.000000000000000083e-02
2.368500000000000000e+04,6.000000000000000000e+01,4.000000000000000083e-02
2.377600000000000000e+04,9.100000000000000000e+01,4.000000000000000083e-02
2.387700000000000000e+04,1.010000000000000000e+02,4.000000000000000083e-02
2.398300000000000000e+04,1.060000000000000000e+02,4.000000000000000083e-02
2.408000000000000000e+04,9.700000000000000000e+01,4.000000000000000083e-02
2.410500000000000000e+04,2.500000000000000000e+01,4.000000000000000083e-02
2.419100000000000000e+04,8.600000000000000000e+01,4.000000000000000083e-02
2.420700000000000000e+04,1.600000000000000000e+01,4.000000000000000083e-02
2.422500000000000000e+04,1.800000000000000000e+01,4.000000000000000083e-02
2.423700000000000000e+04,1.200000000000000000e+01,4.000000000000000083e-02
2.428100000000000000e+04,4.400000000000000000e+01,4.000000000000000083e-02
2.437400000000000000e+04,9.300000000000000000e+01,4.000000000000000083e-02
2.446400000000000000e+04,9.000000000000000000e+01,4.000000000000000083e-02
2.447900000000000000e+04,1.500000000000000000e+01,4.000000000000000083e-02
2.457300000000000000e+04,9.400000000000000000e+01,4.000000000000000083e-02
2.466300000000000000e+04,9.000000000000000000e+01,4.000000000000000083e-02
2.475300000000000000e+04,9.000000000000000000e+01,4.000000000000000083e-02
2.484000000000000000e+04,8.700000000000000000e+01,4.000000000000000083e-02
2.499600000000000000e+04,1.560000000000000000e+02,4.000000000000000083e-02
2.508400000000000000e+04,8.800000000000000000e+01,4.000000000000000083e-02
2.509700000000000000e+04,1.300000000000000000e+01,4.000000000000000083e-02
2.511200000000000000e+04,1.500000000000000000e+01,4.000000000000000083e-02
2.514300000000000000e+04,3.100000000000000000e+01,4.000000000000000083e-02
2.516400000000000000e+04,2.100000000000000000e+01,4.000000000000000083e-02
2.519200000000000000e+04,2.800000000000000000e+01,4.000000000000000083e-02
2.521700000000000000e+04,2.500000000000000000e+01,4.000000000000000083e-02
2.525800000000000000e+04,4.100000000000000000e+01,4.000000000000000083e-02
2.527000000000000000e+04,1.200000000000000000e+01,4.000000000000000083e-02
2.530700000000000000e+04,3.700000000000000000e+01,4.000000000000000083e-02
2.532600000000000000e+04,1.900000000000000000e+01,4.000000000000000083e-02
2.542500000000000000e+04,9.900000000000000000e+01,4.000000000000000083e-02
2.552300000000000000e+04,9.800000000000000000e+01,4.000000000000000083e-02
2.554600000000000000e+04,2.300000000000000000e+01,4.000000000000000083e-02
2.564300000000000000e+04,9.700000000000000000e+01,4.000000000000000083e-02
2.573000000000000000e+04,8.700000000000000000e+01,4.000000000000000083e-02
2.581700000000000000e+04,8.700000000000000000e+01,4.000000000000000083e-02
2.583600000000000000e+04,1.900000000000000000e+01,4.000000000000000083e-02
2.590600000000000000e+04,7.000000000000000000e+01,4.000000000000000083e-02
2.595300000000000000e+04,4.700000000000000000e+01,4.000000000000000083e-02
2.598400000000000000e+04,3.100000000000000000e+01,4.000000000000000083e-02
2.605000000000000000e+04,6.600000000000000000e+01,4.000000000000000083e-02
2.608600000000000000e+04,3.600000000000000000e+01,4.000000000000000083e-02
2.620900000000000000e+04,1.230000000000000000e+02,4.000000000000000083e-02
2.622200000000000000e+04,1.300000000000000000e+01,4.000000000000000083e-02
2.623600000000000000e+04,1.400000000000000000e+01,4.000000000000000083e-02
2.625000000000000000e+04,1.400000000000000000e+01,4.000000000000000083e-02
2.626200000000000000e+04,1.200000000000000000e+01,4.000000000000000083e-02
2.627300000000000000e+04,1.100000000000000000e+01,4.000000000000000083e-02
2.629700000000000000e+04,2.400000000000000000e+01,4.000000000000000083e-02
2.630900000000000000e+04,1.200000000000000000e+01,4.000000000000000083e-02
2.632300000000000000e+04,1.400000000000000000e+01,4.000000000000000083e-02
2.634000000000000000e+04,1.700000000000000000e+01,4.000000000000000083e-02
2.636300000000000000e+04,2.300000000000000000e+01,4.000000000000000083e-02
2.645700000000000000e+04,9.400000000000000000e+01,4.000000000000000083e-02
2.648200000000000000e+04,2.500000000000000000e+01,4.000000000000000083e-02
2.650900000000000000e+04,2.700000000000000000e+01,4.000000000000000083e-02
2.652600000000000000e+04,1.700000000000000000e+01,4.000000000000000083e-02
2.654700000000000000e+04,2.100000000000000000e+01,4.000000000000000083e-02
2.657500000000000000e+04,2.800000000000000000e+01,4.000000000000000083e-02
2.666900000000000000e+04,9.400000000000000000e+01,4.000000000000000083e-02
2.670000000000000000e+04,3.100000000000000000e+01,4.000000000000000083e-02
2.674700000000000000e+04,4.700000000000000000e+01,4.000000000000000083e-02
2.683500000000000000e+04,8.800000000000000000e+01,4.000000000000000083e-02
2.694700000000000000e+04,1.120000000000000000e+02,4.000000000000000083e-02
2.704700000000000000e+04,1.000000000000000000e+02,4.000000000000000083e-02
2.717400000000000000e+04,1.270000000000000000e+02,4.000000000000000083e-02
2.728200000000000000e+04,1.080000000000000000e+02,4.000000000000000083e-02
2.739600000000000000e+04,1.140000000000000000e+02,4.000000000000000083e-02
2.743100000000000000e+04,3.500000000000000000e+01,4.000000000000000083e-02
2.744100000000000000e+04,1.000000000000000000e+01,4.000000000000000083e-02
2.746800000000000000e+04,2.700000000000000000e+01,4.000000000000000083e-02
2.756100000000000000e+04,9.300000000000000000e+01,4.000000000000000083e-02
2.765300000000000000e+04,9.200000000000000000e+01,4.000000000000000083e-02
2.767400000000000000e+04,2.100000000000000000e+01,4.000000000000000083e-02
2.770300000000000000e+04,2.900000000000000000e+01,4.000000000000000083e-02
2.771900000000000000e+04,1.600000000000000000e+01,4.000000000000000083e-02
2.775200000000000000e+04,3.300000000000000000e+01,4.000000000000000083e-02
2.777900000000000000e+04,2.700000000000000000e+01,4.000000000000000083e-02
2.779400000000000000e+04,1.500000000000000000e+01,4.000000000000000083e-02
2.782100000000000000e+04,2.700000000000000000e+01,4.000000000000000083e-02
2.785300000000000000e+04,3.200000000000000000e+01,4.000000000000000083e-02
2.786800000000000000e+04,1.500000000000000000e+01,4.000000000000000083e-02
2.789100000000000000e+04,2.300000000000000000e+01,4.000000000000000083e-02
2.801900000000000000e+04,1.280000000000000000e+02,4.000000000000000083e-02
2.804100000000000000e+04,2.200000000000000000e+01,4.000000000000000083e-02
2.813600000000000000e+04,9.500000000000000000e+01,4.000000000000000083e-02
2.823600000000000000e+04,1.000000000000000000e+02,4.000000000000000083e-02
2.832700000000000000e+04,9.100000000000000000e+01,4.000000000000000083e-02
2.842700000000000000e+04,1.000000000000000000e+02,4.000000000000000083e-02
2.852500000000000000e+04,9.800000000000000000e+01,4.000000000000000083e-02
2.862600000000000000e+04,1.010000000000000000e+02,4.000000000000000083e-02
2.864600000000000000e+04,2.000000000000000000e+01,4.000000000000000083e-02
2.874200000000000000e+04,9.600000000000000000e+01,4.000000000000000083e-02
2.883800000000000000e+04,9.600000000000000000e+01,4.000000000000000083e-02
2.893500000000000000e+04,9.700000000000000000e+01,4.000000000000000083e-02
2.894600000000000000e+04,1.100000000000000000e+01,4.000000000000000083e-02
2.899700000000000000e+04,5.100000000000000000e+01,4.000000000000000083e-02
2.904300000000000000e+04,4.600000000000000000e+01,4.000000000000000083e-02
2.909400000000000000e+04,5.100000000000000000e+01,4.000000000000000083e-02
2.912400000000000000e+04,3.000000000000000000e+01,4.000000000000000083e-02
2.921000000000000000e+04,8.600000000000000000e+01,4.000000000000000083e-02
2.947000000000000000e+04,2.600000000000000000e+02,4.000000000000000083e-02
2.958200000000000000e+04,1.120000000000000000e+02,4.000000000000000083e-02
2.970100000000000000e+04,1.190000000000000000e+02,4.000000000000000083e-02
2.979600000000000000e+04,9.500000000000000000e+01,4.000000000000000083e-02
2.989500000000000000e+04,9.900000000000000000e+01,4.000000000000000083e-02
2.999200000000000000e+04,9.700000000000000000e+01,4.000000000000000083e-02
3.003600000000000000e+04,4.400000000000000000e+01,4.000000000000000083e-02
3.006000000000000000e+04,2.400000000000000000e+01,4.000000000000000083e-02
3.008300000000000000e+04,2.300000000000000000e+01,4.000000000000000083e-02
3.010400000000000000e+04,2.100000000000000000e+01,4.000000000000000083e-02
3.012000000000000000e+04,1.600000000000000000e+01,4.000000000000000083e-02
3.014500000000000000e+04,2.500000000000000000e+01,4.000000000000000083e-02
3.023100000000000000e+04,8.600000000000000000e+01,4.000000000000000083e-02
3.032000000000000000e+04,8.900000000000000000e+01,4.000000000000000083e-02
3.041300000000000000e+04,9.300000000000000000e+01,4.000000000000000083e-02
3.047900000000000000e+04,6.600000000000000000e+01,4.000000000000000083e-02
3.053700000000000000e+04,5.800000000000000000e+01,4.000000000000000083e-02
3.058400000000000000e+04,4.700000000000000000e+01,4.000000000000000083e-02
3.063900000000000000e+04,5.500000000000000000e+01,4.000000000000000083e-02
3.068800000000000000e+04,4.900000000000000000e+01,4.000000000000000083e-02
3.071500000000000000e+04,2.700000000000000000e+01,4.000000000000000083e-02
3.112500000000000000e+04,4.100000000000000000e+02,4.000000000000000083e-02
3.122600000000000000e+04,1.010000000000000000e+02,4.000000000000000083e-02
3.146600000000000000e+04,2.400000000000000000e+02,4.000000000000000083e-02
3.158700000000000000e+04,1.210000000000000000e+02,4.000000000000000083e-02
3.170800000000000000e+04,1.210000000000000000e+02,4.000000000000000083e-02
3.173200000000000000e+04,2.400000000000000000e+01,4.000000000000000083e-02
3.182600000000000000e+04,9.400000000000000000e+01,4.000000000000000083e-02
3.192100000000000000e+04,9.500000000000000000e+01,4.000000000000000083e-02
3.194600000000000000e+04,2.500000000000000000e+01,4.000000000000000083e-02
3.241300000000000000e+04,4.670000000000000000e+02,4.000000000000000083e-02
3.242500000000000000e+04,1.200000000000000000e+01,4.000000000000000083e-02
3.252400000000000000e+04,9.900000000000000000e+01,4.000000000000000083e-02
3.266200000000000000e+04,1.380000000000000000e+02,4.000000000000000083e-02
3.268600000000000000e+04,2.400000000000000000e+01,4.000000000000000083e-02
3.308300000000000000e+04,3.970000000000000000e+02,4.000000000000000083e-02
3.318100000000000000e+04,9.800000000000000000e+01,4.000000000000000083e-02
3.328000000000000000e+04,9.900000000000000000e+01,4.000000000000000083e-02
3.339000000000000000e+04,1.100000000000000000e+02,4.000000000000000083e-02
3.350700000000000000e+04,1.170000000000000000e+02,4.000000000000000083e-02
3.358200000000000000e+04,7.500000000000000000e+01,4.000000000000000083e-02
3.368600000000000000e+04,1.040000000000000000e+02,4.000000000000000083e-02
3.378400000000000000e+04,9.800000000000000000e+01,4.000000000000000083e-02
3.428400000000000000e+04,5.000000000000000000e+02,4.000000000000000083e-02
3.440100000000000000e+04,1.170000000000000000e+02,4.000000000000000083e-02
3.450400000000000000e+04,1.030000000000000000e+02,4.000000000000000083e-02
3.451800000000000000e+04,1.400000000000000000e+01,4.000000000000000083e-02
3.456800000000000000e+04,5.000000000000000000e+01,4.000000000000000083e-02
3.458100000000000000e+04,1.300000000000000000e+01,4.000000000000000083e-02
3.460300000000000000e+04,2.200000000000000000e+01,4.000000000000000083e-02
3.461500000000000000e+04,1.200000000000000000e+01,4.000000000000000083e-02
3.463800000000000000e+04,2.300000000000000000e+01,4.000000000000000083e-02
3.466100000000000000e+04,2.300000000000000000e+01,4.000000000000000083e-02
3.467500000000000000e+04,1.400000000000000000e+01,4.000000000000000083e-02
3.469200000000000000e+04,1.700000000000000000e+01,4.000000000000000083e-02
3.471200000000000000e+04,2.000000000000000000e+01,4.000000000000000083e-02
3.473000000000000000e+04,1.800000000000000000e+01,4.000000000000000083e-02
3.475400000000000000e+04,2.400000000000000000e+01,4.000000000000000083e-02
3.477200000000000000e+04,1.800000000000000000e+01,4.000000000000000083e-02
3.479100000000000000e+04,1.900000000000000000e+01,4.000000000000000083e-02
3.480500000000000000e+04,1.400000000000000000e+01,4.000000000000000083e-02
3.494000000000000000e+04,1.350000000000000000e+02,4.000000000000000083e-02
3.508200000000000000e+04,1.420000000000000000e+02,4.000000000000000083e-02
3.520800000000000000e+04,1.260000000000000000e+02,4.000000000000000083e-02
3.533600000000000000e+04,1.280000000000000000e+02,4.000000000000000083e-02
3.545200000000000000e+04,1.160000000000000000e+02,4.000000000000000083e-02
3.556500000000000000e+04,1.130000000000000000e+02,4.000000000000000083e-02
3.606500000000000000e+04,5.000000000000000000e+02,4.000000000000000083e-02
3.617200000000000000e+04,1.070000000000000000e+02,4.000000000000000083e-02
3.619800000000000000e+04,2.600000000000000000e+01,4.000000000000000083e-02
3.631100000000000000e+04,1.130000000000000000e+02,4.000000000000000083e-02
3.634400000000000000e+04,3.300000000000000000e+01,4.000000000000000083e-02
3.660900000000000000e+04,2.650000000000000000e+02,4.000000000000000083e-02
3.671400000000000000e+04,1.050000000000000000e+02,4.000000000000000083e-02
3.682000000000000000e+04,1.060000000000000000e+02,4.000000000000000083e-02
3.692300000000000000e+04,1.030000000000000000e+02,4.000000000000000083e-02
3.701700000000000000e+04,9.400000000000000000e+01,4.000000000000000083e-02
3.711200000000000000e+04,9.500000000000000000e+01,4.000000000000000083e-02
3.761200000000000000e+04,5.000000000000000000e+02,4.000000000000000083e-02
3.811200000000000000e+04,5.000000000000000000e+02,4.000000000000000083e-02
3.834200000000000000e+04,2.300000000000000000e+02,4.000000000000000083e-02
3.852500000000000000e+04,1.830000000000000000e+02,4.000000000000000083e-02
3.864800000000000000e+04,1.230000000000000000e+02,4.000000000000000083e-02
3.914800000000000000e+04,5.000000000000000000e+02,4.000000000000000083e-02
3.964800000000000000e+04,5.000000000000000000e+02,4.000000000000000083e-02
4.011400000000000000e+04,4.660000000000000000e+02,4.000000000000000083e-02
4.013500000000000000e+04,2.100000000000000000e+01,4.000000000000000083e-02
4.016100000000000000e+04,2.600000000000000000e+01,4.000000000000000083e-02
4.018400000000000000e+04,2.300000000000000000e+01,4.000000000000000083e-02
4.043000000000000000e+04,2.460000000000000000e+02,4.000000000000000083e-02
4.076700000000000000e+04,3.370000000000000000e+02,4.000000000000000083e-02
4.087000000000000000e+04,1.030000000000000000e+02,4.000000000000000083e-02
4.096700000000000000e+04,9.700000000000000000e+01,4.000000000000000083e-02
4.107800000000000000e+04,1.110000000000000000e+02,4.000000000000000083e-02
4.111100000000000000e+04,3.300000000000000000e+01,4.000000000000000083e-02
4.121700000000000000e+04,1.060000000000000000e+02,4.000000000000000083e-02
4.133200000000000000e+04,1.150000000000000000e+02,4.000000000000000083e-02
4.145300000000000000e+04,1.210000000000000000e+02,4.000000000000000083e-02
4.148500000000000000e+04,3.200000000000000000e+01,4.000000000000000083e-02
4.152600000000000000e+04,4.100000000000000000e+01,4.000000000000000083e-02
4.156400000000000000e+04,3.800000000000000000e+01,4.000000000000000083e-02
4.158700000000000000e+04,2.300000000000000000e+01,4.000000000000000083e-02
4.160500000000000000e+04,1.800000000000000000e+01,4.000000000000000083e-02
4.162000000000000000e+04,1.500000000000000000e+01,4.000000000000000083e-02
4.163400000000000000e+04,1.400000000000000000e+01,4.000000000000000083e-02
4.165500000000000000e+04,2.100000000000000000e+01,4.000000000000000083e-02
4.167400000000000000e+04,1.900000000000000000e+01,4.000000000000000083e-02
4.169700000000000000e+04,2.300000000000000000e+01,4.000000000000000083e-02
4.172000000000000000e+04,2.300000000000000000e+01,4.000000000000000083e-02
4.181100000000000000e+04,9.100000000000000000e+01,4.000000000000000083e-02
4.190400000000000000e+04,9.300000000000000000e+01,4.000000000000000083e-02
4.200500000000000000e+04,1.010000000000000000e+02,4.000000000000000083e-02
4.209800000000000000e+04,9.300000000000000000e+01,4.000000000000000083e-02
4.213400000000000000e+04,3.600000000000000000e+01,4.000000000000000083e-02
4.214500000000000000e+04,1.100000000000000000e+01,4.000000000000000083e-02
4.217200000000000000e+04,2.700000000000000000e+01,4.000000000000000083e-02
4.226400000000000000e+04,9.200000000000000000e+01,4.000000000000000083e-02
4.235800000000000000e+04,9.400000000000000000e+01,4.000000000000000083e-02
4.244900000000000000e+04,9.100000000000000000e+01,4.000000000000000083e-02
4.281500000000000000e+04,3.660000000000000000e+02,4.000000000000000083e-02
4.331500000000000000e+04,5.000000000000000000e+02,4.000000000000000083e-02
4.341800000000000000e+04,1.030000000000000000e+02,4.000000000000000083e-02
4.352300000000000000e+04,1.050000000000000000e+02,4.000000000000000083e-02
4.402300000000000000e+04,5.000000000000000000e+02,4.000000000000000083e-02
4.410000000000000000e+04,7.700000000000000000e+01,4.000000000000000083e-02
4.457200000000000000e+04,4.720000000000000000e+02,4.000000000000000083e-02
4.483300000000000000e+04,2.610000000000000000e+02,4.000000000000000083e-02
4.533300000000000000e+04,5.000000000000000000e+02,4.000000000000000083e-02
4.583300000000000000e+04,5.000000000000000000e+02,4.000000000000000083e-02
4.633300000000000000e+04,5.000000000000000000e+02,4.000000000000000083e-02
4.683300000000000000e+04,5.000000000000000000e+02,4.000000000000000083e-02
4.728100000000000000e+04,4.480000000000000000e+02,4.000000000000000083e-02
4.730400000000000000e+04,2.300000000000000000e+01,4.000000000000000083e-02
4.737600000000000000e+04,7.200000000000000000e+01,4.000000000000000083e-02
4.741700000000000000e+04,4.100000000000000000e+01,4.000000000000000083e-02
4.783000000000000000e+04,4.130000000000000000e+02,4.000000000000000083e-02
4.784800000000000000e+04,1.800000000000000000e+01,4.000000000000000083e-02
4.795900000000000000e+04,1.110000000000000000e+02,4.000000000000000083e-02
4.797800000000000000e+04,1.900000000000000000e+01,4.000000000000000083e-02
4.808200000000000000e+04,1.040000000000000000e+02,4.000000000000000083e-02
4.857000000000000000e+04,4.880000000000000000e+02,4.000000000000000083e-02
4.858500000000000000e+04,1.500000000000000000e+01,4.000000000000000083e-02
4.860900000000000000e+04,2.400000000000000000e+01,4.000000000000000083e-02
4.863800000000000000e+04,2.900000000000000000e+01,4.000000000000000083e-02
4.908600000000000000e+04,4.480000000000000000e+02,4.000000000000000083e-02
4.921100000000000000e+04,1.250000000000000000e+02,4.000000000000000083e-02
4.930800000000000000e+04,9.700000000000000000e+01,4.000000000000000083e-02
4.940700000000000000e+04,9.900000000000000000e+01,4.000000000000000083e-02
4.957200000000000000e+04,1.650000000000000000e+02,4.000000000000000083e-02
4.969000000000000000e+04,1.180000000000000000e+02,4.000000000000000083e-02
4.975000000000000000e+04,6.000000000000000000e+01,4.000000000000000083e-02
5.025000000000000000e+04,5.000000000000000000e+02,4.000000000000000083e-02
5.049300000000000000e+04,2.430000000000000000e+02,4.000000000000000083e-02
5.059100000000000000e+04,9.800000000000000000e+01,4.000000000000000083e-02
5.068400000000000000e+04,9.300000000000000000e+01,4.000000000000000083e-02
5.110000000000000000e+04,4.160000000000000000e+02,4.000000000000000083e-02
5.112800000000000000e+04,2.800000000000000000e+01,4.000000000000000083e-02
5.115700000000000000e+04,2.900000000000000000e+01,4.000000000000000083e-02
5.119800000000000000e+04,4.100000000000000000e+01,4.000000000000000083e-02
5.129600000000000000e+04,9.800000000000000000e+01,4.000000000000000083e-02
5.139400000000000000e+04,9.800000000000000000e+01,4.000000000000000083e-02
5.140600000000000000e+04,1.200000000000000000e+01,4.000000000000000083e-02
5.151800000000000000e+04,1.120000000000000000e+02,4.000000000000000083e-02
5.162700000000000000e+04,1.090000000000000000e+02,4.000000000000000083e-02
5.174100000000000000e+04,1.140000000000000000e+02,4.000000000000000083e-02
5.196800000000000000e+04,2.270000000000000000e+02,4.000000000000000083e-02
5.206600000000000000e+04,9.800000000000000000e+01,4.000000000000000083e-02
5.207800000000000000e+04,1.200000000000000000e+01,4.000000000000000083e-02
5.217200000000000000e+04,9.400000000000000000e+01,4.000000000000000083e-02
5.227000000000000000e+04,9.800000000000000000e+01,4.000000000000000083e-02
5.239100000000000000e+04,1.210000000000000000e+02,4.000000000000000083e-02
5.250700000000000000e+04,1.160000000000000000e+02,4.000000000000000083e-02
5.263200000000000000e+04,1.250000000000000000e+02,4.000000000000000083e-02
5.274600000000000000e+04,1.140000000000000000e+02,4.000000000000000083e-02
5.284300000000000000e+04,9.700000000000000000e+01,4.000000000000000083e-02
5.294800000000000000e+04,1.050000000000000000e+02,4.000000000000000083e-02
5.296500000000000000e+04,1.700000000000000000e+01,4.000000000000000083e-02
5.305700000000000000e+04,9.200000000000000000e+01,4.000000000000000083e-02
5.314500000000000000e+04,8.800000000000000000e+01,4.000000000000000083e-02
5.323600000000000000e+04,9.100000000000000000e+01,4.000000000000000083e-02
5.333400000000000000e+04,9.800000000000000000e+01,4.000000000000000083e-02
5.343600000000000000e+04,1.020000000000000000e+02,4.000000000000000083e-02
5.354600000000000000e+04,1.100000000000000000e+02,4.000000000000000083e-02
5.404600000000000000e+04,5.000000000000000000e+02,4.000000000000000083e-02
5.454600000000000000e+04,5.000000000000000000e+02,4.000000000000000083e-02
5.497700000000000000e+04,4.310000000000000000e+02,4.000000000000000083e-02
5.508800000000000000e+04,1.110000000000000000e+02,4.000000000000000083e-02
5.511500000000000000e+04,2.700000000000000000e+01,4.000000000000000083e-02
5.522400000000000000e+04,1.090000000000000000e+02,4.000000000000000083e-02
5.532500000000000000e+04,1.010000000000000000e+02,4.000000000000000083e-02
5.549100000000000000e+04,1.660000000000000000e+02,4.000000000000000083e-02
5.599100000000000000e+04,5.000000000000000000e+02,4.000000000000000083e-02
5.649100000000000000e+04,5.000000000000000000e+02,4.000000000000000083e-02
5.695700000000000000e+04,4.660000000000000000e+02,4.000000000000000083e-02
5.745700000000000000e+04,5.000000000000000000e+02,4.000000000000000083e-02
5.747200000000000000e+04,1.500000000000000000e+01,4.000000000000000083e-02
5.770000000000000000e+04,2.280000000000000000e+02,4.000000000000000083e-02
5.820000000000000000e+04,5.000000000000000000e+02,4.000000000000000083e-02
5.825200000000000000e+04,5.200000000000000000e+01,4.000000000000000083e-02
5.827100000000000000e+04,1.900000000000000000e+01,4.000000000000000083e-02
5.877100000000000000e+04,5.000000000000000000e+02,4.000000000000000083e-02
5.927100000000000000e+04,5.000000000000000000e+02,4.000000000000000083e-02
5.977100000000000000e+04,5.000000000000000000e+02,4.000000000000000083e-02
5.980000000000000000e+04,2.900000000000000000e+01,4.000000000000000083e-02
5.991500000000000000e+04,1.150000000000000000e+02,4.000000000000000083e-02
